Aimee Cohen,10.97
Shelby Glass,95.88
Michelle Wallace,90.01
David Morton,51.85
Heather Russell,96.49
Megan Smith,26.66
Robert Kirk,37.7
Alyssa Herrera,79.49
Ann Johns,67.29
Destiny Carr,89.89
Nicholas Price,9.01
Susan Weeks,46.4
Amber Bishop,25.77
Richard Flores,62.46
Jack Cook,45.24
Andrea Lin,33.97
James Dawson,14
Timothy Peterson,55.49
George Dixon,54.34
Sydney Lee,37.59
Stephanie Rivera,37.24
Thomas Frye,28.51
David Ross,49.82
Carla Christensen,47.4
Keith Mitchell,18.14
Leah Johnson,71.28
David Eaton,41.88
Alex Johnson,97.72
Jennifer Anderson,56.42
Barry Conway,38.45
Lauren Maldonado,46.95
Kristin Alvarez,99.47
Jennifer Archer,93.74
Kayla Nielsen,10.69
Rachel Rich,81.27
Mary Cordova,47.6
Zachary Villegas,36.99
Dustin Miles,78.43
Brian Barnett,13.56
Charles Dunn,74.91
Mary Hicks,68.59
April Johnson,13.09
Randy Smith,12.78
Daniel Hernandez,62.59
Rebecca Simon,37.46
Mary Sandoval,57.75
Garrett Kemp,14.07
Kimberly Sanders,70.17
Kellie Cole,39.9
Brittany Coleman,96.35
Allison Nicholson,91.89
Allison Gray,88.32
Javier Carlson Jr.,75.21
Caitlin Galvan,94.15
Sherry Juarez,94.33
Kenneth Davis,23.53
Joseph Martinez,72.75
Alan Baker,92.83
Maria Velasquez,33.32
Terri Williams,91.36
Kyle Henderson,60.61
Douglas Stephens,37.95
Sarah Melton,4.36
Steven Henderson,85.61
Sherry Rose,87.54
Sydney Hanson,48.77
David Mitchell,82.1
Kristin Griffin,3.44
James Garcia,62.83
Kristen Gray MD,7.15
Andrew Vance,89.23
Nicholas Rios,95.4
Sandra Cook,90.34
Anna Wright,62.77
Mikayla King,10.18
Patrick Garcia,54.04
Danielle Williams,2.79
Carrie Lawrence,96.48
Ana Flores,27.21
Cody Daugherty,18.98
Eric Miller,1.96
Wayne Young,70.29
David Ochoa,46.81
Ann Flores,46.92
Heather Campbell,60.18
Kaitlyn Martin,16.32
Eduardo Walter,2.02
Elizabeth Robinson,84.48
Alison Nielsen,92.37
Adam Lawrence,4.95
Terry Williams,53.7
Amber Logan,66.48
Sarah Burnett,39.87
Rebecca Bradley,61.41
Nicole Lewis,13.81
Lisa Murphy,6.71
William Buckley,48.74
Jon Johnson,41.55
Mr. George Hayes MD,94.03
Joshua Choi,56.98
Mr. Alexander Clay,48.66
Jose Davis,2.26
Jessica Knox,24.63
Anthony Cummings,90.81
Timothy Yates,15.94
Mrs. Nicole Neal,52.87
David Hines,81.3
Diamond Richards,58.06
Tiffany Dougherty,49.52
Haley Spence,2.77
David Gonzalez DDS,24.72
Jonathon Salazar PhD,53.62
Alicia Gonzalez,11.97
Paul Barnes,42.16
Julie Salazar,17.21
Mary Moyer,46.45
Sherry Allen,93.41
Brenda Davis,88.58
Larry Flores,28.3
Mr. Jason Mccoy,1.32
Victoria Johns,52.5
Lindsey Simmons,54.1
Angel Robertson,87.96
Erin Flores,27.41
Daisy Smith,22.84
Chelsea Jones,20.38
Christopher Snyder,12.56
Stacey Friedman,35.19
Marc Marsh,45.82
Richard Powell,46.94
Jennifer Jenkins,79.36
Tommy Mann,27.91
Crystal Acosta,22.32
Andre Clark,93.85
Courtney Santos,74.18
Jennifer Adams,61.26
Lauren Parrish,76.74
Jessica Hamilton,22.9
Paul Taylor,36.79
Linda Rodriguez,26.66
Taylor Jennings,50.71
Jaime Moore,78.68
Samuel Nash,6.03
Donald Anderson,98.02
Michael Brock,43.46
Vernon Kirk,59.04
Robert Wilson,16.95
Vincent Ellis,90
Amanda Norris,69.22
Dana Lambert,83.57
Michael Reynolds,34.08
Sonia Johnson,14.36
Richard Richardson,11.18
Christina Baker,70.79
Jordan Roth,43.07
Keith James,29.56
Steve Le,63
Michael Werner,51.35
Katherine Mosley,75.69
Louis Mcpherson,19.34
Mr. Stephen Smith DDS,51.49
Tammy Smith,99.15
Donald Watkins,75.22
Blake Rodriguez,78.9
Tamara Skinner,81.73
Shelley Robinson,77.03
Danny Davis,85.64
Sara Brown,4.79
Hannah Hawkins,96.5
Maria Johnson,35.85
Michael Gonzales,79.29
Brianna Harrell,54.64
Laura Edwards,77.54
John Adams,22.31
Nicholas Beasley,70.01
Jennifer Wheeler,60.52
Walter Rodriguez,51.09
Suzanne Hester,43.9
Melissa Schneider,18.7
Ashley Branch,40.76
Cathy Perez,13.12
Marc Carter,20.38
Gary Solis,41.86
Amy Campbell,82.21
Jodi Warren,47.93
Amy Owen,82.49
Carlos Lopez,41.27
Lisa Castillo,21.43
Alexander Marshall,80.69
April Hernandez,72.66
Jennifer Jones,67.05
Ashley Marsh,86.5
Mary Murphy,43.81
Adam Delgado,84.85
Stephanie Winters,39.46
Christopher Warren,89.51
John Thompson,78.53
Brandon Maldonado,67.47
Sarah Wilson,44.39
Amanda Massey,37.65
Kenneth Mcguire,17.11
Jamie Lewis,60.92
Megan Herrera,30.33
Peter Gibson,38.39
Brian Shelton,37.84
Jay Thompson,67.15
Angela Marshall,90.31
Sandra Hopkins,11.43
Corey Woodard,4.4
Misty Adams,56.28
Teresa Meyer,57.44
Kathleen Melton,44.06
Michael Koch,9.13
Joseph Brown,22.31
James Barton,13.89
Zachary Gonzales,7.02
Chelsea Thomas,69.72
Kyle Reid,34.1
Pamela Snyder,31.75
Steven Price,8
Ashley Carpenter,48.36
Samuel Hensley,72.52
Alison Ryan,52.52
Mr. Daniel Webster,78.36
Jacqueline Yang,11.07
Earl Wallace,18.08
Tammy Lopez,30.05
Christopher Hughes,96.83
Brandon Watkins,89.16
Sandra Hall,75.12
James Maynard,4.85
Meghan Simon,96.76
Jennifer Hanson,39.94
Sarah Phillips,39.67
William Davis,56.09
George Velazquez,81.75
Matthew Buchanan,75.66
Hannah Glass,52.61
Justin Harris,14.92
Donald Bolton,51.57
Robin Mueller,9.94
Benjamin Waters,94.57
Catherine Webb,92.17
Timothy Perry,36.32
Kelly Villa,50.99
Anthony Moore,54.81
Dennis Reyes,88.98
Richard Gonzales,85.43
Angela Lester,86.46
Carl Tucker,92.08
Thomas Baker,27.61
Mason Simon,97.09
Christopher Carlson,4.41
Jennifer Mccoy,71.6
Gina Fuentes,62.19
Chelsey Brown,96.48
Sara Kemp,23.21
Miguel Jimenez,24.52
Adam Turner,87.81
John Campos,48.64
Nicole Garner,49.05
Krista Meadows,8.56
Karen Anderson,23.61
Ryan Cox,72.35
Gregory Hurley,60.09
Raven Perez,89.02
Denise Perry,89.56
George Harmon,77.85
Maria Davies,10.16
Mrs. Renee Williams,76.41
Justin Atkins,23.96
Denise Vasquez,9.95
Thomas Jarvis,33.47
Jennifer Thomas,19.99
Joel Thompson,37.98
Mark Huff,3.07
Nathaniel Hardy,12.15
Stephanie Fowler,92.11
Debbie Walker,95.22
Mary Simmons,11.97
Kevin Dixon,53.52
Christopher Cox,1.62
Sheryl Pearson,63.03
Sean Thompson,22.07
Michael Alvarado,33.52
Kelly Williams,12.16
Robert Jacobson,35.82
Jennifer Morse,9.08
Taylor Beltran,68.42
Laura Watkins,34.02
Cheryl Phillips,15.42
Charlene Rivera,77.71
Ronald Chavez,79.01
Melissa Long,51.77
Kristin Johnson,13.38
Denise Bowen,77.55
Stacey Armstrong,9.65
Ryan Thompson,91.6
Michael Lyons,16.68
Brittany Gordon,87.81
Joel Sherman,90.59
Catherine Stone,3.94
Christy Mckay,56.57
Jennifer Bell,10.27
Mark Reynolds,20.98
Justin Dudley,85.61
Jennifer Daniels,18.46
Rick Hill,55.82
Nathaniel Farmer,77.86
Andrew Welch,97.6
David Garcia,88.89
Sean Dorsey,65.7
Beverly Murphy,88.23
Mrs. Amanda Pham,55.85
Thomas Brown,13.56
Elizabeth Cortez,40.68
Kyle Booth,61.26
Dorothy Martin,36.27
Kaitlyn Rodriguez,55.5
Hayley Arnold,1.44
Cynthia Berger,80.69
Russell Smith DDS,63.03
Rachel Castillo,75.64
Angelica Manning,27.46
Andrea Smith,77.79
Michelle Jordan,21.34
Dr. Benjamin Love DVM,60.24
Jimmy Cole Jr.,0.1
Richard Abbott,42.41
Kristen Duarte,30.54
Renee Lewis,16.61
Jack Nguyen,73.7
Mark Moore,26.34
Sabrina Dunlap,86.76
Mary Jones,70.23
Melissa George,81.67
Adam Hernandez,91.75
Clifford Gordon,95.29
Donna Walsh DVM,50.16
Samantha Hill,90.32
Billy Tyler,39.67
Jonathan Ortiz,31.91
Michael Gomez,41.06
Amanda Anderson,9.06
Joseph Roberts,97.35
Steven Jacobs,79.01
Donna Wilson,97.2
Michele Humphrey,17.04
Brittany Brady,26.86
Dr. Steven Allen,44.71
Nicholas Young,80.29
William Benjamin,14.92
Joseph Gonzalez,87.27
James Carroll,97.74
Jessica Marks,47.72
Jamie Bowman,78.94
Robert Jones,29.29
Cody Carlson,74.39
David Pratt,52.97
Ralph Li,31.18
Michelle Roth,12.21
Christine Marshall,28.63
Andrea Stark,53.16
Pamela Jones,68.46
Michael Rodriguez MD,80.36
Patrick Washington,48.13
Kristina Martinez,35.41
Jessica Burgess,3.5
Whitney Smith,2.52
Angela Reese,5.43
Dustin Nichols,28.54
Austin Moore,51
Abigail Morales DVM,76.55
Deborah Estrada,44.51
Christopher Shaw III,6.51
Michelle Sutton MD,69.96
Nicole Bishop,16.54
Deborah Ali DVM,55.83
Valerie Collins,53.31
Ryan Gonzalez,1.2
Jeffrey Calhoun,64.33
Jennifer Hines,86.72
Andrew Johnson,52.39
Ariel Lewis,89.33
Nicole Allen,72.97
Timothy Davis,4.81
Shelby Ross,84.48
Alexander Flores,8.32
Kristen Drake,84.59
Melissa Anderson,10.37
Juan Murphy,35.47
Kevin Robbins,90.21
Charles Bradley,31.3
Stephen Martin,19.59
Samantha Lucas,76.39
Joann Rodriguez,76.62
Nicholas Galvan,90.7
Theresa Patterson,47.02
Adam Carey,46.93
Anita Mendoza,62.33
Alyssa Marks,3.42
Lori Snyder,15.57
Robert Ferguson,6.26
Stephanie Kennedy,71.5
Shane Curry,98.31
Gloria Morgan,16.05
Andrew Fields,93.44
Mary Harding,73.42
Michael Copeland,56.16
Lauren Green,4.94
Brian Ward,77.99
Jacob Lambert,33.19
Michael Jensen,24.26
Jennifer Morris,64.78
Thomas Ramirez,71.55
Mark Payne,79.01
Amanda Santana MD,27.02
Jonathan Zamora,88.67
Vanessa Lee MD,69.84
Mr. Tony Grimes,65.71
Lindsay Jordan,83
Adam Wright,72.99
Casey White,29.28
Darryl Blackwell,8.61
John Jackson,61.99
George Phillips,77.16
Curtis Aguilar,15.55
David Rodriguez,68.6
Emma Martin,24.94
Kathleen Jackson,68.44
April Leach,74.33
Melissa Crosby,53.98
Nicholas Garrett,77.37
Jennifer Crawford,54.23
Alexandra Underwood,11.3
Leslie Watson,60.51
Craig Case,85.92
Cody Cooper,16.8
Autumn Hill,60.47
Connie Williamson,9.88
Kristine Blair,42.16
Amanda Gibson,78.23
Molly Li,97.35
Christine Farley,66.71
Angela Walker,29.13
Christopher Gomez,97.17
Michael Roberts,93.52
April Valdez,40.43
Anna Foster,0.78
Jennifer Rivera,20.6
Jody Lee DDS,98.34
Allison Hernandez,88.26
Emily Sanchez,94.65
Samantha Ballard,29.29
David Giles,3.67
Brooke Miller,60.23
Drew Torres,62.19
Mark Curry,70.25
James Garrett,39.08
Ryan Fitzpatrick,66.71
Brian Rasmussen,81.86
Sarah Nelson,17
Rebecca Brown,24.44
Bradley Liu,3.52
Danielle Davis,19.74
Megan Meyers,88.74
Bethany Green,40.79
Taylor Johnson,97.12
Andrew Hernandez,66.44
Collin Wilson,59.67
Cody Guerrero,2.99
Brenda Moon,17.63
Christian Irwin,6.09
Glenda Torres,76.74
Scott Burke,75.95
Luke Dunn,33.97
Adam Miller,84.16
Edward Walker,33.24
Valerie Walker,46.55
Christopher Hicks,88.17
Sophia Norris,51.31
John Lucas,46.95
Mrs. Lisa Oliver,74.22
Susan Lara,24.11
Michelle Ferguson,87.19
Brittany Duarte,23.1
Joseph Warren,72.27
Brittney Mcgrath,11.5
Tammy Thomas,61.81
Regina Stephenson,91.65
Victoria Davis,34.19
Brian Campos,78.42
Jason Ewing,10.58
Michele Scott,69.77
Rachel Lamb,19.83
Leslie Johnson,11.86
Kimberly Little,54.29
Scott Jones,21.17
Natasha Daniels,54.63
Samantha Mccarty,92.4
Randy Holmes,97.52
James Foster,94.93
Donna Hart,49.21
Shawn Gross,79.25
Jasmine Barrett,87.83
Alec Marshall,19.92
Shaun Thomas,32.97
David Ortiz,40.95
Monique Riggs,59.67
Craig Anderson,85.85
Greg Walker,12.48
Alexander White,65.97
Tanya Cortez,8.6
Sheri Long,97.63
Emily Ritter,67.14
Michael Nelson,13.69
Elizabeth Nixon,86.78
Natasha Huff,55.39
Amanda Fisher,30.43
Kristina Dawson,77.37
Kenneth Gilmore,31.55
Jeff Murphy,48.96
Jeremy Frazier,19.71
Charles Alvarado Jr.,29.42
Carrie Lee,68.19
Victoria Neal,65.4
Amanda Cortez,21.55
Jessica Brown,85.52
Donna White,27.08
Amber Schultz,76.77
Emily Hammond,76.63
Benjamin Snyder,49.22
Joe Paul,13.17
Anna Long,14.57
Jennifer Thomas,5.64
Mikayla Harris,96
Candice Cooper,27.33
Caleb Waters,39.08
Joseph Williams,46.51
Amber Ramos,2.88
Jesse Bowman,72.96
Ann Gallagher,75.81
Michelle Simmons,1.71
Crystal Mckenzie,86.71
Amy Olson,37.37
Joel Salazar,53.9
Rodney Miller,38.97
William Wolfe,2.91
Jay Roberts,11.72
Manuel Green,41.3
Vanessa Morton,98.42
Edward Hernandez,57.9
Gregory Evans,63.19
Sara Howell,38
Jose Lamb,50.43
Joshua Walker,81.62
Robert Hopkins,85.71
Colton Anderson,86.45
Alexander Edwards,88.82
James Valenzuela,94.49
Steven Douglas,1.53
Susan Adams,99.88
Terry Pierce,55.37
Matthew Barker,44.11
Richard Grant,90.95
Randall Peterson,21.5
Heather Rios,88.98
Kyle Montoya,41.02
Amber Bean,65.34
Scott Mendoza,70.3
Paula Jones,88.74
Bruce Jones,96.33
Robert Collier,89.2
Jacqueline Robinson,39.11
Raymond Martinez MD,88.13
Randall Shannon,73.61
Laura White,30.72
Gary Elliott,15.13
Katrina Reese,16.9
Thomas Richards,13.25
Dr. Manuel Joyce MD,27.4
Sarah Terry,55.51
Andrew Adams,33.26
Natalie Goodwin,28.6
Joy Barnett,6.16
Jason Hernandez,77.07
Kathleen Johnson,96.73
Erin Johnson,6.8
Sarah Conway,80.2
Melinda Rivera,46.84
Susan Fritz,37.96
Charlotte Gonzalez,98.59
William Avila,58.12
Daisy Higgins,26.25
Angela Stewart,14.36
Stacey Diaz,6.22
Michelle Dennis,54.33
Ronald Fuller,68.37
Matthew Norton,51.02
Andrew Gill,41.59
Anna Taylor,9.29
Kayla Larsen,6.1
Christopher Lawrence MD,21.11
Thomas Foster,95.83
Nicholas Hart,9.07
Elizabeth Mckay,61.06
Amy Porter,41.98
Andrea Clayton,8.13
Rebekah Gay,70.5
John Perkins,20.33
Samantha Osborne,53.23
Ashley Lopez,93.82
Denise Ortiz,94.26
Jacob Atkins,2.58
Antonio Evans,46.16
Monica Crawford,1.47
Anthony Jones,2.89
Zoe Crawford,65.25
Tina Sosa,97.26
Jasmine Hodges,13.51
Dwayne Hoover,15.7
Kimberly Owens,52.81
Joel Fox,54.84
Jeffrey Mckinney,79.04
John Jordan,15.88
Alicia Mccoy,91.63
Jason Nguyen,21.64
Nathan Hill,27.79
Gina Evans DVM,27.91
Tammie Flynn,93.89
Dr. Grant Morales,49.84
Dr. Patrick Rowe,78.7
Timothy Watson,20.6
Jacob Lawson,51.04
Brandon Neal,38.9
Bryan Brady,21.82
Samantha Smith,92.01
Taylor Shelton,97.81
Morgan Phillips,40.38
Kimberly Stanley,71.09
Greg Reese,49.42
Shawn Klein,60.49
Jeremy Suarez,98.23
Rita Nelson,43.68
Stephanie Rogers,95.53
Ronald Gonzalez,93.89
Tina Dixon,34.49
James Hopkins,82.43
Kenneth Blevins,13.81
Amy Gordon,30.92
Jennifer Moore,27.33
Eddie Gilbert,57.98
Jasmine Conway,82.59
Jacob Elliott,31.87
David Snyder,54.92
Keith Kelley,22.05
Penny Mathews,51.52
Allison Diaz,59.97
Richard Wallace,45.19
Nicholas Jones,44.32
Jennifer Cross,10.93
Tiffany Jones,79.68
Isaac Ochoa,78.35
Benjamin Richardson,91.52
Maria Gentry,65.74
Dr. Kenneth Warren PhD,82.25
Peter Goodman,37.25
John Jones,42.51
Luis Ortiz,52.91
David Rogers,50.05
Daniel Flores,10.2
Brent Barnes,47.88
Melanie Wells,93.87
Tyler Mueller,85.49
Evelyn Boyle,10.16
Jack Stewart,21.85
Bethany Henderson,21.2
Crystal Sawyer,37.65
Mario Johnson,29.83
Diamond Black,55.59
Christina Hamilton,3.42
Hannah Brooks,57.12
Linda Mclaughlin,32.01
Theresa Woodward,2.21
Tina Jones,47.93
Samuel Davis,30.9
Shelly Hart,23.07
Alexis Vasquez,0.71
Daisy Gaines,52.4
Natasha Barry,65.25
Nathan Garcia,46.14
Alexandra Decker,75.63
Luis Molina,99.16
Adam Sanders,16.88
Barbara Mays,70.86
Justin Graham,84.06
Valerie Chambers,12.18
John Castillo,97.55
Amy Hanson,49.97
Brianna Morris,17.18
Daniel Brown,50.44
Aaron Flores,41.79
Shawn Owens,10.25
Frank Rice,34.22
Seth Sellers,67.21
Brian Daniel,12.98
Alan Holden,48.9
Kyle Frost,55.32
Sarah Schneider,41.95
Kristen Reed,14.18
Ronald Johnson,92.07
Roger Colon,9.37
Tracy Russell,46.53
Michael Garcia,54.56
Mr. Chad Flynn,63.07
Candice Acosta,30.04
Vernon Martinez DVM,3.82
Gina Lawson,90.7
Emily Weber,27.92
James Walters,11.83
Jennifer Stevens,82.39
Gary Turner,17.38
Stephanie Carter,57.59
Daniel Gibson,69.76
Diane Tyler,83.04
Johnny Robinson,85.31
Shannon Williams,99.89
Lisa Sims,50.56
Bethany Perry,20.71
Andrew Kennedy,92.55
Victor Savage,28
Frank Hanna,93.5
Albert Gonzales,75.55
Denise Clark,65.61
Erica Phelps,60.45
Jessica Price,28.79
Emily Lopez,87.9
Trevor Kelly,76.46
Cameron Roberts,86.26
Shannon Garcia,61.11
Timothy Harris,95.3
Zachary Williams,55.79
Morgan Pearson,88.05
Jonathan Weiss,93.89
Kathleen Dixon,55.86
Matthew Turner,79.57
Kimberly Garcia DDS,85.7
Jack Harmon,20.06
William Manning,63.71
Regina Stafford,94.55
Cody Thompson,12.6
Allison Williams,38.44
Philip Hughes,16.08
Terry Sanchez,68.9
Melvin Rodriguez,49.36
Mr. Joshua Moore II,81.36
Aaron Dorsey,24.23
Miguel Mcknight,59.92
Chad Brooks,0.66
Robin Frazier,62.58
Shawn Cervantes,95.2
Charles Johnston,49.56
Tara Whitehead,15.39
Clifford Campos,82.16
Jason Davies,11.65
Samantha Nelson,98.95
Paul Davis,73.69
Kim Levy,71.83
Robert Payne,31.76
Michelle Miles,61.17
Veronica Gonzalez,19.47
Jeffery Perry,17.86
Maria White,67.56
Marc Perkins,51.72
Steven Perez,8.02
Brian Peterson,79.56
Antonio Wells,70.26
Aaron Barber,86.2
Cynthia Salazar,40.64
John Thomas,58.08
Andrea Hernandez,90.1
Judith Haney,28.73
John James,55.4
Kimberly Duncan,57.55
Evan Price,8.68
Mike Anthony,44.65
Jose Keith,84.46
Steven Hopkins,30.61
Kevin Bautista,51.35
Lori Brown,70.69
Amber Jackson,8.51
Evan Russell,27.34
James Little,95.04
Jared Houston,17.07
Lisa Thomas,41.46
Ronald Saunders,47.75
Rhonda Abbott,18.35
Maurice Baker,99.73
Joseph Coleman,76.76
Joseph Wilkinson,7.65
Christopher Williams,87
Megan Coleman,7.78
Carl Henry,4.99
Kathleen Landry,88.4
Jennifer Benitez,61.61
Michael Martinez,84
Joseph White,16.65
Mark Smith,19.12
Jody Nolan MD,60.64
Heather Rollins,1.11
Christina Bass,7.8
Dakota Cox,56.28
Victoria Aguilar,79.71
Tara Tate,89.4
Donald Howard,25.89
Yolanda Lowery,70.55
George Salas,11.28
Carrie Flores,75.82
Sara Foster,41.14
Carol Moore,82.77
Donna Monroe,3.99
Henry Hunt,98.06
Ronald Reeves,42.07
Kenneth Jones,33.35
Michael Evans,77.77
Brian Decker,67.84
Haley Washington,53.72
Cindy Russell,80.57
Patricia Mitchell,40.41
Kevin Peters,76.02
Adam Anthony,76.74
Victor Allison,77.77
Abigail Hayes,28.88
Jennifer Martin,88.63
Mrs. Evelyn Rowe,0.73
Michelle Collins,79.07
Phillip Lee,71.53
Aaron Hawkins,35.93
Ryan Acevedo,92.85
Thomas Mays,78.49
Gregory Mayer,27.18
Jill Mcclure,48.87
Kelly Smith,63.39
Shane Bryant,93.43
Jonathan Garcia,79.89
Ryan Walker Jr.,98.96
Jonathan Cannon,22.38
Clayton Bell,60.14
Melanie Buchanan,13.15
Bailey Howell,10.12
Savannah Greene,75.23
Tammy Maldonado,63.58
Dean Johnson,67.53
John Watkins,90.34
Phyllis Braun,0.32
Barry Harvey,90.25
Mr. Robert Herrera III,16.4
Jacob Harper,21.65
Daniel Farley,89.81
Pamela Hanson,64.6
Ryan Campos,74.83
Spencer Gonzalez,17.13
Adam Manning,78.11
Gregory Gallagher,14.3
Peter Briggs,77.02
Shelley Lynn,49.3
Brandon Sharp,45.39
Adam Mccarthy,0.77
Larry Hoffman,86.38
Jesse Gallagher,3.33
Christina Lucas,81.55
Sarah Rosales,46.71
Adam Martin,28.4
Marie Hensley,42.11
Michael Atkinson,13.12
Ashley Jones,63.18
Gary Smith,58.37
Jane Bryan,76.6
Daniel Miranda,86.39
Susan Carter,9.2
Brandi Rodriguez MD,96.75
David Roberts,62.79
Marvin White,10.19
Maria Khan,31.58
Shelby Good,5.44
Angel Schmidt,43.15
Amanda Nelson,86.03
Maria Shannon,26.97
Jason Anderson,85.91
Edward Roberts,58.09
John Flores,23.1
Nicholas Erickson,88.8
Jason Mcdonald,28.2
Leah Goodman,27.18
Jared Sweeney,76.63
Jose Garcia,10.95
Elizabeth Ortiz,19.2
Sandy Howe,28.14
Bradley West,16.65
Maria Kennedy,54.27
Christine Turner,83.09
Richard Alvarez,96.1
Tonya Collins,16.34
Rachel Collins,45.47
Maurice Austin,8.46
Katherine Henderson,53.34
Kristin Nguyen,40.01
Kevin Hernandez,60.52
Renee Sanders,45.1
Roberto Martin,81.81
Timothy Ward,5.4
David Sullivan,45.93
Rachel Miles,27.99
Micheal Payne,99.06
Mary Scott,54.36
John Valdez,88.79
Nicole Kelly,79.19
Monique Wilson,76.08
Jennifer Chavez,54.21
Raymond Morgan,4.08
Dennis Ryan,19.66
Melissa Burnett,4.51
Angela Miller,7.57
Gregory Thomas,20.07
William Rodriguez,3.41
Nicholas Pineda,15.93
John Williams,27.98
Timothy Smith,58.79
Grace Wilson,89.17
Francisco Wyatt,72.23
Denise Mullins,4.21
Melissa Wise,35.38
Richard Fox,24.1
Alexandra Boone,98.27
Sonya Ingram,74.1
Jacqueline Snow,59.66
Mark Christensen,77.37
Benjamin Green,89.01
Amanda Johnson,46.78
David Douglas,67.16
Levi Hernandez,65.99
Steven Lyons,26.83
Tanya Ferguson,72.71
Noah Washington,1.06
Mrs. Crystal Cannon,14.07
Anthony Davila,69.91
Amanda Curtis,52.91
Willie Franco,97.64
Kurt Smith,8.76
John Clayton,37
Richard Peters,85.62
Christy Lambert,52.61
Amy Watson,95.41
Kimberly Blake,19.17
Eric Robinson,14.33
Katherine Marshall,46.84
Michael Scott MD,55.9
Courtney Jordan,64.85
Jose Randall,42.67
Jennifer Roberts,40.56
Megan Johnson,44.6
Aaron Reed,49.79
James Green,64.34
Lisa Moore,29.42
William Williams,27.14
Ralph Mitchell,48.11
Penny Church,2.66
Diane Spence,70.95
Adam Stevenson,6.66
Matthew Ramos,64.68
Trevor Gentry,1.39
Sarah Davis,64.93
Philip Dawson,8
Kim Terrell,29.69
Brian Lewis,70.91
Robert Williams,53.11
Elizabeth Mann,14.53
Sonia Colon,98.63
Robert Rodgers,38.21
Charles Cruz,92.45
Laura Gallagher,86.35
Christopher Serrano,65.31
Tammy Rodriguez,72.75
Roger Austin,81.44
Travis Morales,92.35
Tyler Evans,88.13
Krystal Day,69.26
Joseph Trujillo,54.17
David Douglas,10.65
Ashley Patrick,1.12
Cristian White,95.6
Stacy James,6.91
Kenneth Burns,4.31
Katherine Taylor,8.34
Robert Ford,69.1
Patrick Villarreal,72.4
Lisa Cunningham,65.68
Edward Wright,66.96
Nathan Dickson,67.06
David Gardner,87.77
Alexandria Walker,68.06
Franklin Cortez,87.86
Timothy Spencer,6.88
Sophia Davis,11.41
Tyler Hicks,79.81
Martin Holder,56.96
Sara Howard,27
Jason Hinton,40.33
Sharon Russell,10.99
Michaela Floyd,90.29
Wesley Cantrell,13.02
Samantha Hines,28.86
Dr. David Phillips,49.89
Valerie Brock,93.04
Wendy Wilson,77.57
Katelyn Carter,79.01
Robin Bishop,52.61
Misty Wood,87.66
Patty Serrano,47.86
Sydney Brown,42.39
Brittany Miller,62.93
Samuel Villegas,26.03
Tanya Fitzgerald,70.36
Zachary Pittman,98.61
Carly Hernandez,85.5
Sean Knox,65.08
Terry Mendez,26.71
David Johnson,51.46
Michelle Hoover,64.09
Courtney Harper,97.61
Christina Bright,56.44
Sandra Harrison,7.92
Kevin Francis,85.15
Tracy Andrews,34.42
Julie Walsh,48.61
Billy Huber,51.9
Jack Arroyo,60.44
Patrick Brown,7.25
Nichole Grant,50.09
Sean Williams Jr.,9.77
William Thompson,71.49
Anthony Rocha,70.35
Bill Reed,27.31
Mark Hendrix,96.4
Ashley Hunt,74.15
Stephanie Beck,43.2
William Conner,29.15
Julia Smith,57.1
Angela Stanton,42.97
Dean Romero,22.78
Adam Price,46.69
Randy Humphrey,24.21
Lindsay Carroll,30.84
Heather Anderson,41.64
Emily Scott,46.56
Jason Adkins,18.38
Arthur Walker,71.94
Bobby Rodriguez,53.24
Richard Cunningham,63.18
Keith Cochran,11.67
Kristen Taylor,53.82
Amber Dixon,15.07
Andre Schroeder,60.84
Nicholas Kim,35.58
Vanessa Keller,3.41
William Mccarty,25.08
Barry Grimes,49.84
Kristy Morales,66.18
Virginia Flynn,50.29
Ronald Salazar,45.16
Troy Sloan,7.49
Miguel Hall,3.62
Brenda Johnston,25.39
Ryan Ward,54.09
Victoria Thomas,90.93
Paul Dixon,75.29
Peter Bowman,9.98
Justin Kane,3.11
Dawn Ward,27.16
Debbie Keith,2.44
Kathy Gomez,85.7
George Larson,94.64
Roger Rodriguez,40.38
Tiffany Brown,25.8
Laura Webster,67.98
Maria Williams,55.48
Doris Ellison,32.46
Amber Guzman,86.1
Christopher Underwood,87.68
Melissa Johnson,59.42
Francisco Andrews,89.62
Willie Roberts,45.6
Ronald Friedman,68.85
Marie Jenkins,0.93
Natalie Smith,69.93
Daniel Mitchell,79.62
Stephanie Rodriguez,65.56
Paul Villanueva,88.2
Erik Page,88.82
Bryan Ayala,13.77
Lauren Chapman,77.09
Sarah Ferguson,44.55
Benjamin Sanchez,87.34
Nicole Sanchez,73.09
Aaron Carlson,2.75
Ryan Bush,87.71
Brianna Wagner,61.38
Taylor Shaffer,9.15
John Hall,26.43
Laura Yoder,10.11
Kenneth Navarro,2.61
Dustin Wilson,5.72
Jose French,28.52
Matthew Patel,74.64
Debra May,86.21
Amber Velez,70.79
Roy Sullivan,29.28
Michael Ellis,50.98
Jessica Hamilton,54.16
Hannah Robertson,75.95
Candice Hughes,55.4
Cesar Haynes,98.97
Eric Hernandez,72.7
Brittany Thornton,20.1
Jonathan Campbell,40.72
Ronald Barker,51.07
Paula Bush,52.76
David Myers,10.67
Charles Barnes Jr.,24.23
Brian Lawson,21.78
Jennifer Johnson,71.34
Robert Mckinney,38.65
Christian Velasquez,68.67
Jonathan Mcguire,23.82
Thomas Perry,49.26
Justin Wright,75.47
Johnathan Navarro,17.17
Kimberly Kennedy,85.51
Joseph Patterson,90.75
Cindy Jefferson,71.45
Roberta Holder,40
Denise Garcia,73.01
George Sampson,86.41
Jonathan Day,58.27
Edward Smith,16.62
Patrick Perry,35.3
Lisa Hopkins,89.7
Stephen Ellis,18
Sarah Ross,74.89
Steven Ballard,36.63
Karen Kelley,58.59
Jonathan Phillips,61.26
Caleb Carrillo,82.32
Rachel Clark,97.41
Robert Phillips,12.48
Katherine Wallace,7.27
Erin Hudson,3.84
Donald May,32.36
Timothy Davis,16.85
Amy Lee,46.07
Russell Duarte,60.08
Johnny Krause,51.55
Haley Smith,32.82
Lisa Gonzalez,38.95
Joshua Evans,3.76
Kyle Long,13.44
April Clark,74.09
Clarence Smith,34.68
Cody Jackson,99.37
Rebecca Nunez,36.75
Jennifer Hammond,81.88
Sophia Lee,47.45
Christopher Moore,82.15
John Clark,79.92
Kellie Davis,18.81
Tony Escobar,96.48
Scott Coffey,28.3
Louis Cox,20.15
Sarah Reynolds,63.49
David Scott,65.18
Brandon Hanson,61.15
Michelle Haas,21.74
Christopher Moreno,33.33
James Blair,10.73
Eugene James,38.81
Melissa Bailey,65.38
Tiffany Berry,24.79
Emily Graham,58.05
Hannah Kim,47.37
Raymond Miller,42.61
Nichole Ramos,74.26
Kimberly Schmidt,38.15
Amanda Williams,92.23
Daniel Jones,63.93
Phyllis Gregory,2.96
Amanda Robinson,23.39
Mark Nelson,8.31
Juan Massey,0.88
Catherine Grant,99.2
Jacob Cook,57.79
Courtney Cook,4.24
Ashley Wolfe,50.32
Robert Charles,16.78
Keith Morgan,22.42
John Miller,34.73
Gina Owen,22.25
Brandon Orr,27.54
Joshua Wilson,0.83
Scott Suarez,88
Angela Carr,20.89
Carrie Price,3.43
James Hood,13.52
Shannon Pierce,35.93
Stephanie Smith,89.83
Jamie Daniel,28.22
Jessica Graham,69.77
Susan Blanchard,30.84
Hannah Singh,30.7
Richard Blanchard,31
Lisa Rivera,49.63
James Fisher,14.5
Nicole Phillips,86.22
Amanda Sims,50.09
Michael Simon,82.74
Lisa Jackson,7.03
Nancy Moon,23.71
John Weber,11.57
Gina Aguilar,30.31
Tony Owen,87.25
Walter Walsh,80.56
Jacob Kim,75.27
Christine Watkins,37.51
Gregory Espinoza,78.03
Anthony Garrett,9.8
Stephen Lynch,66.1
Roger Matthews,40.54
Samantha Beard,5.31
James Morgan,65.71
Karen Morales,29.85
Mark Parker,97.34
Matthew Watson,18.08
Tamara Shea,87.2
Cathy Stuart,18.35
Keith Parks,29.85
Benjamin Kelly,77.35
Jackie Hunter,36.92
Tom Abbott,42.06
Brenda Wall,74.75
Calvin Kaufman,76.05
Brandon Lopez,9.58
Heather Adams,75.79
Christopher Harris,82.29
Rebecca Cordova,43
Jennifer Ashley,21.28
Christopher Spencer,90.64
Gregory Marsh,70.56
Colleen Hays,29.93
Justin Best,86.8
Lisa Perry,68.33
Tara Wilson,90.93
Rebecca Fox,71.77
Wayne Allen,25.7
Amber Henderson,75.39
Christina Williams,18.61
Cynthia Bowman,91.49
Christopher Campbell,55.5
Thomas Sanchez,12.05
Donald Lucas,24.37
Bradley Davis,37.05
Charles Martinez,80.15
Robert Guerrero,94.8
Wendy Rocha,49.24
Richard Campbell,64.22
Carla Spencer,0.01
Diana Wells,83.61
Jerome Perez,3.63
Chase Andrade,97.47
Jessica Miller,49.55
Julia Morris,83.88
Sarah Winters,60
Patrick Fox,30.6
Jonathan Reid,50.5
Matthew Hall,22.55
David Sanchez,31.08
Lisa Harmon,71.73
Sarah Johnson,0.24
Tammy Moore,88.64
Samantha Sanchez,96.69
Daniel Arias,8.05
Linda Myers,71.13
Kathryn Quinn,75.72
Victor Brown,48.87
Patricia Sullivan,24.48
Tyrone Smith,8.75
Harold Atkins,12.35
Michael Stevens,27.15
Patrick Fleming,82.85
Frank Smith,62.99
Sylvia Vaughn,36.36
Cindy Brown DVM,87.1
Jasmine Flores,22.24
Billy Wilson,27.78
Mrs. Angela Moore,71.71
David Anderson,57.55
William Lamb,65.41
Rachel Barnes,44.93
Katelyn Mcneil,28.49
Kevin Garza,82.83
Joseph Moore,46.21
Mackenzie Hull,80.65
Joseph Gonzalez,31.14
John Trevino,60.5
James Curtis,86.7
Kristen Campbell,56.31
John Schaefer,2.49
Gabriel Lopez,97.16
Donna Walters,86.98
David Mcgee DVM,75.34
James Alexander,79.59
Steven Turner,15.16
Ms. Melissa Carey DDS,82.81
Julie Abbott,79.31
James Walls,33.53
Christine Stewart,89.24
Karina Figueroa,6.59
Lisa Johnson,88.85
Michele Morgan,95.61
Catherine Roberts,22.34
Brenda Garcia,93.02
John Adams,17.69
Audrey Sanders,87.86
Allison Hill,65.55
Jennifer Morrow,65.33
Mario Byrd,83.76
Steven Jones,52.56
Rachel Miller,29.46
Jack Gibson,96.63
David Schwartz,95.09
Lauren James,59.45
Tricia Barnes,11.72
James Harris,8.58
Lisa Schaefer,83.46
Brian Pierce,3.48
Mr. Chad Meyers,6.65
Joseph Reyes,99.47
Gregory Jackson,44.13
Tammy Smith,33.97
Justin Kim,36.56
Crystal Martin,8.15
Elijah Martinez,45.63
David Ramirez,80.09
Robert Wright,41.21
Jamie Grant,91.25
Michelle Walton,46.75
Emily Gonzalez,16.03
Michael Ward,28.28
Isabella Brown,87.21
Emily Mendoza,89.73
Karen Adams,79.64
Christopher Arnold,67.27
Erica Miller,83.69
Mary Duarte,4.32
Jorge Santiago,8.44
Kathy Patterson,17.92
Walter Lozano,53.93
Jill Lopez,16.87
Bradley Campbell,68.46
Makayla Little,84.52
Cassidy Williams,92.75
Matthew Moore,33.02
Zachary Hahn,48.69
Kevin Saunders,25.6
Melinda Peterson,68.18
Jeffrey Wall,75.77
Theresa Davis,16.13
Briana Garcia,87.38
Beth Mckee,47.16
Amy Acevedo,19.25
Cynthia Ferguson,47.1
Jonathan Warren,31.27
Nancy Mclaughlin,41.99
Sandra Lam,3.99
Lisa Ramos,48.43
Beth Allen,76.93
Samantha Howard,64.8
John Williams,5.89
Kelly Hogan,16.77
Nancy Hopkins,68.92
Brian Quinn,13.88
Jeremiah Hill,54.61
Charles Mccullough,35.14
Jessica White,94.28
Elizabeth Brown,9.57
Teresa Nelson,37.76
Laurie Mccormick,56.24
Stephanie Delacruz,83.22
Julia Garcia,69.78
Vicki Mcdowell,29.75
Rita Phillips,67.38
Victor Morgan,21.66
Hannah Garcia,46.4
Maria Simpson,27.09
Adrienne Taylor,98.73
Jimmy Medina,89.04
Michael Wright,88.8
Jessica Conway,46.31
Julie Walsh,77.03
Erin Gillespie,68.47
Amy Kane,51.26
Laurie Gregory,15.38
Thomas Bates,89.72
Charles Collins,57.56
Nancy Stone,47.09
Christopher Gill,82.82
Nancy Barnett,70.54
Michael Ramirez,8.07
Diana Hudson,52.2
Shirley Roberts,12.92
Jessica Rogers,54.2
Kyle Anderson,43.18
Eric Lewis,18.94
Dylan Ball,99.24
Denise Bates,88.42
Justin Davis,48.57
Jeremy Alvarez,46.94
Brett Thomas,64.61
Derrick Macias,0.85
Nathaniel Fitzgerald,72.2
Brian Hurley,41.72
Mark Tucker,70.98
Kenneth Cantu,53.42
Gerald Hill,35.27
Kelly Acevedo,50.36
Tracy West,21
Belinda Lee,92.44
Kimberly Velazquez,80.01
Daniel Williams,88.63
Margaret Brown,11.39
Robert Ross,59.81
Bryan Hernandez,32.73
Bryce Thomas,88.23
Amy Jennings,44.82
Elizabeth Johnson PhD,84.91
Mary Vasquez,24.9
Brian Brennan,9.22
Danielle Santiago,12.93
Debra Richardson,65.57
Eric Green,36.91
Karen Franco,8.82
David Christensen,12.03
Christina Lopez,4.56
Tina Johnson,52.78
Joseph Steele,74.88
Mr. Tyler Ford,99.21
Anne Harris,87.04
Patricia Wilson,19.93
Steve Nelson,37.78
Debbie Burch,66.05
Tiffany Simon,94.68
Connie Thomas,88.57
Michael Briggs,1.08
Lawrence Ortiz,90.37
Richard Rivera,92.33
Melissa Medina,62.71
Jacqueline Bray,8.82
Leah Beck,68.35
Jordan West,75.76
Wesley Munoz,98.93
Claire Chavez,28.87
Ryan Allen,45.6
Emily Boone,42.64
Daniel Martinez,49.04
Kenneth Crawford,15.65
Steven Henderson,1.83
Sara Mendez,45.65
Shawna Fletcher,66.49
Erin Hunt MD,0.6
Emily Gray,51.63
Diana Bryant,48.41
James Adams,95.44
Lucas Garrett,40.49
William Garcia,32.74
Robert Yoder,10.31
Veronica Price MD,33.42
Shane Vincent,95.54
Stephanie Robinson,32.61
Michael Russell,64.51
Wendy Nixon,75.76
Joshua Smith,35.35
Michelle Moreno,34.96
Dana Sanchez,44.08
Benjamin Wallace,45.76
Heather Campos,72.01
Mary Hurst,37.9
John Travis,36.42
Kenneth Mcdaniel,27.76
Catherine Bennett,47.46
Emily Powers,26.35
Daniel Bryant,33.79
Wayne Harris,56.76
Kaitlin Dean,10.94
Charles Clarke,18.86
Antonio Greer,39.92
Jon Lucero,26.81
Renee Ramos,68.63
Brandon Jones,93.89
Taylor Williams,39.95
Melanie Carrillo,42.56
Aaron Smith,1.79
Kevin Williams MD,64.32
Kayla Joseph,56.44
Joann Curry,14.05
Robin Wade,37.58
Dr. Ashley Allen,39.79
Rebecca Wallace,38.08
Andrea Henderson DDS,73.88
Zachary Vasquez,36.69
Katherine Davidson,83.09
Joanna Cooper,50.74
Brian Jackson,71.83
Stephanie Brown,21.15
Timothy Ramirez,84.32
Timothy Carter,98.38
Brianna Padilla,79.12
Brittany Hawkins,28.49
John Bradford,99.04
Elizabeth Jackson,86.29
Dawn Jackson,85.36
Donald Smith,45.68
Samantha Guerrero,4.53
Lance Robertson,27.24
Angela Miller,76.73
Patrick Davis,76.81
Jennifer Ferguson,2.79
Curtis Baker,67.39
Richard Foster,71.44
Jeremy Johnson,22.13
Christopher Barr,81.71
Valerie Gomez,28.51
Austin Santos,61.56
Shelby Blackwell,23.44
Collin Mccoy,80.14
Beth Henry,69.5
Adam Alvarez,46.8
Victoria Ramirez,49.96
Nicole Keller,7.3
Mark Wade,43.04
Jesse Fernandez,98.43
Aaron Downs,48.77
Christopher Rios,58.52
John Stewart,35.27
William Armstrong,34.7
William Mathis,69.44
Steven Williams,11.26
Michael Fields,20.57
Casey Young,28.37
Sandra Torres,78.41
Richard Hernandez,2.53
Jennifer Hutchinson,57.3
Dustin Archer,60.84
Angela Sanchez,21.42
John Page,99.63
Donna Ferrell,72.6
Ethan Campbell,21.16
Zachary Ford,43.69
Mark Webb,36.28
Ernest Reynolds,22.42
Steven Callahan,81.95
Mary Castaneda,3.33
Sandra Morris,63.06
Joel Simmons,74.76
Adam Snyder,35.37
Sharon Pacheco,71.8
Christopher Lee,10.18
Laurie Pope,2.6
Molly Rivera,57.81
Jason Garner,32.53
Amy Sharp,43.1
Sarah Singh,38.78
Heather Klein,13.09
Julie Serrano,4.22
Caitlin Martin,77.89
Kimberly Kim,7.19
Cindy James,37.65
Katelyn Green,40.76
Jeffery Williams,19.71
Zachary Blankenship,98.04
Alan Henderson,30.13
Anita Green,77.37
Jacob Parks,34.98
Karen Cook,85.92
Sarah Wright,3.77
Michele Peterson,54.53
Hannah Miller,76.95
Heather Estrada,57.76
Kelly Perez,90.78
Nicole Roach,69.58
Richard Jackson,12.43
Tony Jackson,95.52
Christine Mendoza,18.69
Timothy Thomas,22.66
Michael Reed,38.3
Ashley Bates,86.55
Jessica Buckley,1.63
Todd Blackwell,61.93
Daniel Williams,46.89
Ricardo Harris,25.79
Kristy Smith,55.49
Lee Chung,99.68
Susan Lee,82.47
Louis Armstrong,8.73
Rebecca Brown,6.47
Stephanie Baker,59.75
Bradley Williams DDS,42.21
Whitney Smith,64.01
Andrew Manning,53.79
Bradley Dunn,1.6
Robert Hughes,12.12
Terry Lewis,51.47
Tammy Hancock,19.17
Thomas Jackson,0.83
Brandon Nunez,24.91
Michael Rodriguez,48.84
Adrian Mays,85.66
Natasha Lewis,32.77
Cynthia Potts,55.56
Evan Jones,45.19
Sheri Burnett,55.66
Laura Smith,11.84
Timothy Brown,31.21
Paul Daugherty,34.08
Jamie Mann,94.33
Joseph Moore,7.26
Darrell Shepard,13.15
James Glover,27.13
Kelly Butler,61.51
Bradley Calhoun,99.61
Fernando Love,60.74
Peter Martinez,57.36
April Evans,0.52
Donald Brandt,82.61
Jessica Boyer,45.76
Tyler Parrish,17.3
Tamara Todd,81.42
Debra Mills,39.68
Alexandra Graham,69.16
Tiffany Johnson,0.59
Elizabeth Oneill,10.12
Matthew Anderson,61.89
Stacy Grimes,91.71
Angel Lee,70.28
Elizabeth Holt,94.68
Alexandra Trujillo,38.47
Jamie Thompson,23.34
Mark Williams,68.01
Christopher Oconnell,29.54
Stephanie Marquez,21.81
Vanessa Miller,4.66
David Stanley,57.6
Nancy Krause,75.94
Scott Cook,90.41
Jose Johnson,12.16
Steven Higgins,44.05
Rebecca Gonzalez,2.78
Eric White,11.55
Michael Gonzalez,15.23
David King,13.09
John Harmon,52.01
Stacey Davis,33.2
Ray Morgan,0.83
Gail Morris,72.59
Andrew Hunt,88.09
Scott Smith,59.67
Sean Jefferson,27.6
Lisa Gibson,19.85
Holly Anderson,69.47
Philip Barrett,84.24
Mrs. Claire Petersen,24.83
Andre Oconnell,96.38
Roy Moran,45.21
Tara Allen,59.71
Rachel Holland,67.59
Christina Newman,95.12
Adam Rodriguez,42.4
Tara Chavez,43.23
Charles Lewis,1.17
Sara Brown,74.48
Ryan Lopez,22.74
Jeremy Ruiz,72.13
Sandra Lane,27.04
Nathaniel Baldwin,75.18
Benjamin Allen,52.24
Joshua Powers,87.37
Gina Walker,2.04
Alejandro Potter,65.64
Pamela Jackson,54.74
Brittany Quinn,44.02
Christopher Freeman,52.16
William Price,63.57
Jeffrey Mcclure,76.71
Taylor Hall,46.09
Kenneth Jones,45.48
Carolyn Marshall,90.09
Kenneth Reed,68.8
Phillip Russo,54.22
Mark Higgins,47.45
Gerald Burton,32.11
Joseph Boone,17.63
Mallory Brown,66.55
Dr. Nicole Edwards,96.95
Thomas Robinson,50.44
Glenn Glenn,67.67
Danielle Carter,19.71
Danielle Smith,38.61
Austin Sherman,79.52
Michael Wilson,9.34
Aaron Mcgrath,69.41
Courtney Alvarez,61.99
James Thompson,53.2
Donald Adkins,33.98
Eric Shaffer,86.23
Denise Ramirez,74.48
Sarah Phillips,88.06
Caitlin Young,34.43
Angel Aguilar,45.63
Katie Davidson,41.35
Lisa Hudson,38.72
Jasmine Burton,89.75
Diana Ellis,83.73
Patricia Perez,80.82
Melissa Harris,6.6
Donna Jenkins,4.25
Christopher Henderson,36.04
Jon Tanner,31.51
Brian Campbell,39.41
Roberto George,43.56
Caleb Meza,99.57
Charles Espinoza,25.27
Carla Roberts,20.52
Kaitlin Mccarthy,34.83
Brandon Larson,71.52
Jacob Maldonado,41.71
Tammy Johnson,47.12
Dr. Melissa Martinez,61.19
Mary Chavez,37.61
Eric Johnson,23.11
Larry Carson,42.01
Emily Mccall,15.09
Benjamin Ortega,87.07
Paul Montgomery,26.68
Clinton Rios,67.58
Alexis Robinson,80.9
Adam Hernandez,2.3
Ryan Fisher,53.99
Megan Weiss DDS,90.06
Audrey Aguirre,97.74
Sharon Crawford,29.2
Patrick Davis,58.32
Matthew Bush,46.97
Ivan Hernandez,76.06
Kelsey Davis,45.9
Anthony Bell,75.16
Karl Boyd,8.38
Jeffrey Johnson,47.05
Ralph Burns,93.88
Kristopher Smith,69.3
Shannon Conley,74.95
Dawn Fisher,69.58
Angela Schultz,2.83
Monique Bates,60.08
Kevin Clarke,29.79
Tammy Mitchell,26.57
Lindsay Barry,55.83
Angel Velazquez,77.87
Larry Simon,62.35
Robert Stevens,71.6
Rodney Brown,40.75
Timothy James,8.96
John Melton,75.11
Raymond Taylor MD,73.52
Gregory Garcia,71.64
Maria Mccoy,8.68
Justin Morris,95.44
Nicole Morrison,5.8
Christy Reyes,63.17
Colleen Calderon,13.82
Mr. Michael Lee MD,94.75
Donna Moore,69.18
Kimberly Williams,71.06
David Fox,59.43
Andrew Horn,53.69
Jason Gutierrez,65.53
Wendy Parker,65
Jennifer Barajas,70.26
John Wood,17.34
Dawn Smith,39.24
Tyler Crane,64.39
Michael Martin,65.6
Latoya Morales,75.51
Elizabeth Watson,23.55
Daniel Barrera,38.92
Dylan Hale,94.47
Michael Davis,83.99
Timothy Obrien,91.93
Mary Rivera,37.12
Amy Santos,87.4
Katherine Miller,27.51
Chase Garcia,78.75
Laura Lynch,37.92
Cynthia Burke,14.58
Jill Turner,88.97
Lisa Foster,35.51
Tanner Matthews,64.75
Daniel Sanchez,45
Lauren Griffin,43.8
Derek Sutton,84.42
Amber Lee,58.56
Nicole Ramirez,51.15
Tony Davis,50.24
Calvin Hester,77.64
Tammy Lopez,78.68
Thomas Diaz,50.95
Diane Rice,1.22
Roberto Lee,68
Melinda Steele,10.63
Pamela Davis,86.92
Kevin Smith,91.23
Amy Reyes,34.09
Dr. Andrea Jones,91.57
Erika Barr,74.8
Melissa Torres,40.04
Destiny Adams,99.17
Charles Cruz,11.75
Hector Adams,81.5
Alan Guerrero,30.3
Amanda Lopez,24.22
Lisa Roach,76.97
Theresa Ramos,53.28
Alex Shaw,18.51
Eric Baker,64.36
Courtney Faulkner,91.66
Kimberly Miller,14.61
John Alvarez,6.67
Michael Morton,23.68
Nathan Anderson,62.84
James Mcdonald DDS,85.14
Donna Payne,5
Kimberly Chavez,84.38
Chris Mullins,53.55
Derrick Ho,78.05
Michelle Freeman,90.22
Matthew Orozco,98.92
Melinda Frost,39.12
John Rivas,68.72
Gail Smith,18.33
William Bates,33.38
Sean Martinez,31.59
Molly Bernard,40.11
Christopher Copeland,93.19
Emily Pitts,27.49
Leroy Mills,63.56
Samuel Reyes,74.28
William Page,9.88
Barbara Mcdonald,64.19
Julie Gomez,6.05
Samantha Schultz,30.16
Jennifer Price,93.89
Alyssa Wilson,85.17
Kristen Keller,57.37
Hunter Jones,20.8
Sara Rodriguez,78.12
Andrew Ho,39
Sharon Fisher,19.75
Kristin Hughes,45.17
Nicole Graves,92.31
Tom Harris,78.23
Taylor Cruz,74.11
Stephanie Martin,17.55
Sarah Mitchell,15.22
Carla Steele,61.58
Collin Chaney,57.35
Heather Robinson,56.11
Nancy Barrett,93.75
Courtney Stephens,53.31
Kimberly Campbell,89
Amanda Brady,54.31
Joshua Olson,84.53
Alexander White,65.45
Tammy Carson,86.1
Scott Heath,42.31
Jamie Henderson,29.05
Andres Russell,58.07
Erin Brewer,22.84
Kelly Harris,85
Richard Smith,76.6
Julie Moore,75.67
Erin Savage,97.48
Lauren Harris,9.3
Erica Murphy,61.62
Andrea Weeks,0.81
Andrew Collier,39.24
Jeremiah Holmes,73.2
Kyle Walker,40.42
Taylor Smith,54.49
Robert Mueller,17.46
Karen Thompson,5.26
Heather Lopez,99.76
Dan Taylor,21.58
Robert Barry,91.02
Christina Wright,14.58
Nicholas Yates,24.89
John Davis,28.08
Diane Rivera,78.01
Helen Holloway,27.93
James Martin,27.76
Angela Martinez,75.84
Lindsay Mullins,93.12
Scott Chavez DDS,4.1
Katie Jenkins,33.14
Cody Porter,33.37
Stacy Cunningham,34.13
Brent Reyes,72.28
Frank Ramsey,33.15
Amanda Murphy,95.67
Bruce Torres,87.91
Kenneth Smith,89.21
Rose Drake,42.83
Laura Morris,98.56
Michael Richardson,97.74
Sydney Obrien,26.62
Rick Roach,3.54
Debbie Johnson,87.95
Paige Rodgers,10.98
Scott Miller,35.85
Kristin Anderson,57.52
Nicholas Hensley,33.46
Richard King,0.93
Henry Bryant,23.95
Steven Mosley,33.38
Kevin Gutierrez,96.37
Thomas Rose,68.56
Sharon Hernandez,99.41
Jennifer Sanders,37.79
Elizabeth Diaz,98.98
Stephen Allen,58.71
Leslie Harris,47.88
Tim Spears,91.31
Lisa Craig,6.96
Wayne Sanchez,45.31
Jeffrey Allen,25.54
Brett Fitzgerald,17.47
Joseph Anderson,36.14
Ronald Richards,71.82
Eric Payne,28.36
Evan Evans,33.38
Connor Johnson,0.46
Emily King,79.16
Cesar Perry,33.18
Dr. Sarah Franklin,57.8
Elizabeth Collins,56.84
Cindy Rivera,32.9
Christopher Smith,13.74
Scott Parrish,64.24
Lindsey Marquez,26.85
Richard Lewis,3.67
Hannah Molina,19.68
Leah Johnson,75.19
Kimberly Ruiz,94.69
Laura Neal,22.74
Anita Moody DDS,9.52
Jeffery Carlson,25.96
Eric Mitchell,70.04
Robert Martinez,84.19
Donald Scott,68.36
Jennifer Garcia,48.24
Philip Martin,46.95
Christopher Nunez,93.9
Candice Smith,54.58
Robert Brown,79.64
David Huffman,63.34
Fernando Smith,8.59
Elaine Obrien,5.27
Michael Li,49.68
Carlos Taylor,36.58
Jessica Lewis,23.73
Christopher Flores,65.7
Cheryl Ramos,67.92
Jenna Williams,37.33
Michelle Wood,25.87
Amy Swanson,7.78
Kenneth Lee,2.69
John Stokes,99.11
Joseph Black,23.72
Lisa Martinez,15.37
Derek Phillips,78.48
Larry Harrison,49.05
Elizabeth Hill,13.47
Taylor Fox,49.44
Amy Curtis,79.33
Ashley Fisher,16.54
